id;address;lat;lng
1;silver;system;Buckinghamshire
2;Bouvet Island (Bouvetoya);Auto Loan Account asymmetric Montana;Applications
3;Montenegro;frictionless;Rubber Awesome Frozen Mouse
4;Trinidad and Tobago Dollar;Customer-focused;Shoes Rubber Mall
5;users scalable;transmitting parse infrastructures;matrix Implementation Shirt
6;Mobility;Arizona synthesizing Fresh;override back-end hacking
7;open-source;payment National;HDD
8;Tanzanian Shilling Lights;e-enable Plaza intranet;convergence Idaho customized
9;synthesize Bahrain;Pre-emptive Bouvet Island (Bouvetoya) experiences;Credit Card Account
10;Belize Dollar Bacon;Investment Account Rwanda Customer;Liaison copy program
