id;title;description;unit;division
1;eco-centric Bedfordshire mesh;Configuration UIC-Franc;CONTENEDOR_20TM;FERTILIZANTES
2;portal calculating Metal;real-time discrete redundant;KM;SAGARPA
3;olive Handcrafted Cotton Bacon Unbranded Fresh Pants;incubate;KM;CERVEZA
4;generating;Computers Small Fresh Gloves back-end;KM;TUBERIA
5;backing up;Iran;CONTENEDOR_40TM;INTERMODAL
6;card Licensed Cotton Ball;mindshare Gorgeous;TM;SAGARPA
7;Som Rustic Frozen Keyboard ROI;Benin;M2;TUBERIA
8;system Gorgeous Rubber Pants;hack;TM;POLIETILENO
9;Developer Shoes Music;Buckinghamshire Hollow Shoes;TM;CERVEZA
10;Norfolk Island Chilean Peso Unidades de fomento Checking Account;invoice Outdoors New York;TARIMA;POLIETILENO
