id;title;description;type;unit;status
1;transmit Wooden COM;Agent Squares;CARGA;CONTENEDOR_20TM;ACTIVO
2;invoice;Liaison Tonga;REPARACION;M2;TERMINADO
3;calculating yellow;Wooden;DESCARGA;M2;PROCESANDO
4;seize generate;Fantastic Wooden Chips microchip;CROSS_DOCK;M2;PROCESANDO
5;West Virginia Keys;Factors Soft;ALMACENAJE;CONTENEDOR_40TM;EN_ESPERA
6;Course robust bricks-and-clicks;Buckinghamshire Nepalese Rupee;ALMACENAJE;M2;PROCESANDO
7;Licensed;Marketing mobile Cayman Islands Dollar;DESCARGA;KM;PROCESANDO
8;deposit Rand Namibia Dollar;Branding;REPARACION;TM;CONFIRMADO
9;complexity Direct Administrator;online program Refined Granite Gloves;DESCARGA;KM;PROCESANDO
10;models streamline;projection Maldives;INSPECCION;KG;TERMINADO
